Filename,Width,Height,Folder
1.jpg,583,778,check1
10.jpg,700,500,check1
11.jpg,736,736,check1
12.jpg,499,521,check1
13.jpg,1280,1280,check1
14.jpg,2000,1888,check1
15.jpg,750,500,check1
16.jpg,1005,784,check1
17.jpg,720,576,check1
18.jpg,720,576,check1
19.jpg,300,300,check1
2.jpg,553,774,check1
20.jpg,675,900,check1
21.jpg,550,305,check1
22.jpg,600,800,check1
23.jpg,164,169,check1
24.jpg,249,179,check1
25.jpg,208,168,check1
26.jpg,297,169,check1
27.jpg,248,134,check1
28.jpg,859,666,check1
29.jpg,260,194,check1
3.jpg,640,454,check1
30.jpg,194,260,check1
31.jpg,223,226,check1
32.jpg,1280,655,check1
33.jpg,1200,1200,check1
34.jpg,622,294,check1
35.jpg,538,375,check1
36.jpg,532,425,check1
37.jpg,747,368,check1
38.jpg,583,774,check1
39.jpg,635,772,check1
4.jpg,631,430,check1
40.jpg,577,774,check1
41.jpg,585,775,check1
42.jpg,1200,1200,check1
43.jpg,500,433,check1
44.jpg,1371,1491,check1
45.jpg,840,518,check1
46.jpg,1500,1111,check1
47.jpg,347,257,check1
48.jpg,495,257,check1
49.jpeg,225,225,check1
5.jpg,636,431,check1
50.jpg,194,102,check1
6.jpg,346,609,check1
7.jpg,457,331,check1
8.jpg,531,395,check1
9.jpg,240,180,check1
1.jpg,807,501,check2
10.jpg,1920,1920,check2
11.jpg,275,183,check2
12.jpg,700,350,check2
13.jpg,830,556,check2
14.jpg,768,1024,check2
15.jpg,800,445,check2
16.jpg,1155,1655,check2
17.jpg,800,600,check2
18.jpg,259,194,check2
19.jpg,240,320,check2
2.jpg,620,354,check2
20.jpg,390,520,check2
21.jpg,640,640,check2
22.jpg,1024,682,check2
23.jpg,620,354,check2
24.jpg,300,225,check2
25.jpg,1024,682,check2
26.jpg,549,312,check2
27.jpg,390,520,check2
28.jpg,700,700,check2
29.jpg,564,423,check2
3.jpg,259,194,check2
30.jpg,1599,1077,check2
31.jpg,400,267,check2
32.jpg,900,900,check2
33.jpg,1600,1200,check2
34.jpg,1024,576,check2
35.jpg,1536,2048,check2
36.jpg,736,981,check2
37.jpg,620,354,check2
38.jpg,1024,682,check2
39.jpg,874,634,check2
4.jpg,640,480,check2
40.jpg,683,1024,check2
41.jpg,1024,682,check2
42.jpg,640,480,check2
43.jpg,800,600,check2
44.jpg,194,259,check2
45.jpg,1024,768,check2
46.jpg,600,398,check2
47.jpg,640,480,check2
48.jpg,300,225,check2
49.jpg,1483,827,check2
5.jpg,960,640,check2
50.jpg,275,183,check2
6.jpg,300,193,check2
7.jpg,225,300,check2
8.jpg,194,259,check2
9.jpg,800,533,check2
1.jpg,247,148,check3
10.jpg,211,239,check3
11.jpg,186,271,check3
12.jpg,151,190,check3
13.jpg,229,221,check3
14.jpg,150,155,check3
15.jpg,225,225,check3
16.jpg,166,303,check3
17.jpg,145,160,check3
18.jpg,176,177,check3
19.jpg,254,198,check3
2.jpg,148,148,check3
20.jpg,225,119,check3
21.jpg,146,151,check3
22.jpg,527,450,check3
23.jpg,750,1000,check3
24.jpg,750,1000,check3
25.jpg,527,450,check3
26.jpg,241,97,check3
27.jpg,225,225,check3
28.jpg,127,236,check3
29.jpg,1024,1024,check3
3.jpg,148,148,check3
30.jpg,681,1024,check3
31.jpg,680,1024,check3
32.jpg,1024,1024,check3
33.jpg,414,594,check3
34.jpg,406,464,check3
35.jpg,353,428,check3
36.jpg,322,403,check3
37.jpg,180,148,check3
38.jpg,148,148,check3
39.jpg,226,148,check3
4.jpg,148,148,check3
40.jpg,225,225,check3
41.jpg,183,275,check3
42.jpg,183,275,check3
43.jpg,251,201,check3
44.jpg,259,194,check3
45.jpg,259,194,check3
46.jpg,195,259,check3
47.jpg,225,225,check3
48.jpg,320,240,check3
49.jpg,225,225,check3
5.jpg,259,194,check3
50.jpg,239,211,check3
6.jpg,184,225,check3
7.jpg,178,169,check3
8.jpg,255,197,check3
9.jpg,259,194,check3
1.jpg,224,224,check4
10.jpg,224,224,check4
11.jpg,224,224,check4
12.jpg,224,224,check4
13.jpg,224,224,check4
14.jpg,224,224,check4
15.jpg,224,224,check4
16.jpg,224,224,check4
17.jpg,224,224,check4
18.jpg,224,224,check4
19.jpg,224,224,check4
2.jpg,224,224,check4
20.jpg,224,224,check4
21.jpg,224,224,check4
22.jpg,224,224,check4
23.jpg,224,224,check4
24.jpg,224,224,check4
25.jpg,224,224,check4
26.jpg,224,224,check4
27.jpg,224,224,check4
28.jpg,224,224,check4
29.jpg,224,224,check4
3.jpg,224,224,check4
30.jpg,224,224,check4
31.jpg,224,224,check4
32.jpg,224,224,check4
33.jpg,224,224,check4
34.jpg,224,224,check4
35.jpg,224,224,check4
36.jpg,224,224,check4
37.jpg,224,224,check4
38.jpg,224,224,check4
39.jpg,224,224,check4
4.jpg,224,224,check4
40.jpg,224,224,check4
41.jpg,224,224,check4
42.jpg,224,224,check4
43.jpg,224,224,check4
44.jpg,224,224,check4
45.jpg,224,224,check4
46.jpg,224,224,check4
47.jpg,224,224,check4
48.jpg,224,224,check4
49.jpg,224,224,check4
5.jpg,224,224,check4
50.jpg,224,224,check4
6.jpg,224,224,check4
7.jpg,224,224,check4
8.jpg,224,224,check4
9.jpg,224,224,check4
1.jpg,1024,1024,check5
10.jpg,403,334,check5
11.jpg,448,296,check5
12.jpg,200,300,check5
13.jpg,3008,2000,check5
14.jpg,1280,960,check5
15.jpg,736,981,check5
16.bmp,200,300,check5
17.jpg,550,413,check5
18.jpg,200,300,check5
19.jpg,824,853,check5
2.jpg,300,232,check5
20.jpg,300,200,check5
21.jpg,1600,1200,check5
22.jpg,431,293,check5
23.jpg,526,748,check5
24.jpg,1600,1200,check5
25.jpg,1200,1200,check5
26.jpg,300,225,check5
27.jpg,200,300,check5
28.jpg,1107,768,check5
29.jpg,736,990,check5
3.jpg,640,640,check5
30.jpg,200,300,check5
31.jpg,300,200,check5
32.jpg,277,377,check5
33.jpg,299,168,check5
34.jpg,200,300,check5
35.jpg,214,351,check5
36.jpg,200,300,check5
37.jpg,300,200,check5
38.jpg,300,200,check5
39.jpg,276,183,check5
4.jpg,1024,708,check5
40.jpg,224,225,check5
41.jpg,275,183,check5
42.jpg,225,225,check5
43.jpg,200,300,check5
44.jpg,300,200,check5
45.jpg,241,300,check5
46.jpg,300,200,check5
47.jpg,300,200,check5
48.jpg,200,300,check5
49.jpg,300,200,check5
5.jpg,310,220,check5
50.jpg,258,299,check5
6.jpg,1200,1467,check5
7.jpg,864,1002,check5
8.jpg,600,400,check5
9.jpg,300,400,check5
1.jpg,224,224,check6
10.jpg,224,224,check6
11.jpg,224,224,check6
12.jpg,224,224,check6
13.jpg,224,224,check6
14.jpg,224,224,check6
15.jpg,224,224,check6
16.jpg,224,224,check6
17.jpg,224,224,check6
18.jpg,224,224,check6
19.jpg,224,224,check6
2.jpg,224,224,check6
20.jpg,224,224,check6
21.jpg,224,224,check6
22.jpg,224,224,check6
23.jpg,197,141,check6
24.jpg,224,224,check6
25.jpg,224,224,check6
26.jpg,224,224,check6
27.jpg,224,224,check6
28.jpg,224,224,check6
29.jpg,224,224,check6
3.jpg,224,224,check6
30.jpg,224,224,check6
31.jpg,224,224,check6
32.jpg,224,224,check6
33.jpg,224,224,check6
34.jpg,195,158,check6
35.jpg,224,224,check6
36.jpg,224,224,check6
37.jpg,224,224,check6
38.jpg,224,224,check6
39.jpg,224,224,check6
4.jpg,224,224,check6
40.jpg,224,224,check6
41.jpg,224,224,check6
42.jpg,224,224,check6
43.jpg,184,164,check6
44.jpg,224,224,check6
45.jpg,224,224,check6
46.jpg,224,224,check6
47.jpg,224,224,check6
48.jpg,224,224,check6
49.jpg,224,224,check6
5.jpg,224,224,check6
50.jpg,224,224,check6
6.jpg,224,224,check6
7.jpg,224,224,check6
8.jpg,836,708,check6
9.jpg,224,224,check6
1.jpg,312,161,check7
10.jpg,225,225,check7
11.jpg,228,221,check7
12.jpg,247,204,check7
13.jpg,279,181,check7
14.jpg,300,168,check7
15.jpg,199,196,check7
16.jpg,296,170,check7
17.jpg,194,259,check7
18.jpg,232,163,check7
19.jpg,282,179,check7
2.jpg,225,225,check7
20.jpg,238,212,check7
21.jpg,252,200,check7
22.jpg,275,183,check7
23.jpg,225,225,check7
24.jpg,259,194,check7
25.jpg,251,200,check7
26.jpg,194,259,check7
27.jpg,225,225,check7
28.jpg,174,225,check7
29.jpg,289,174,check7
3.jpg,276,183,check7
30.jpg,201,205,check7
31.jpg,225,225,check7
32.jpg,225,225,check7
33.jpg,225,225,check7
34.jpg,225,225,check7
35.jpg,225,225,check7
36.jpg,225,225,check7
37.jpg,225,225,check7
38.jpg,225,225,check7
39.jpg,225,225,check7
4.jpg,239,211,check7
40.jpg,225,225,check7
41.jpg,194,259,check7
42.jpg,183,275,check7
43.jpg,225,225,check7
44.jpg,225,225,check7
45.jpg,194,193,check7
46.jpg,169,184,check7
47.jpg,150,120,check7
48.jpg,157,123,check7
49.jpg,147,122,check7
5.jpg,195,258,check7
50.jpg,159,159,check7
6.jpg,225,225,check7
7.jpg,194,259,check7
8.jpg,194,259,check7
9.jpg,299,168,check7
1.jpg,514,450,check8
10.jpg,259,194,check8
11.jpg,290,174,check8
12.jpg,275,183,check8
13.jpg,296,170,check8
14.jpg,299,168,check8
15.jpg,225,225,check8
16.jpg,194,259,check8
17.jpg,225,225,check8
18.jpg,194,259,check8
19.jpg,299,168,check8
2.jpg,266,189,check8
20.jpg,254,198,check8
21.jpg,275,183,check8
22.jpg,239,211,check8
23.jpg,194,259,check8
24.jpg,275,183,check8
25.jpg,246,127,check8
26.jpg,224,224,check8
27.jpg,300,168,check8
28.jpg,214,190,check8
29.jpg,225,225,check8
3.jpg,259,194,check8
30.jpg,350,467,check8
31.jpg,299,168,check8
32.jpg,194,259,check8
33.jpg,194,259,check8
34.jpg,187,270,check8
35.jpg,194,259,check8
36.jpg,194,259,check8
37.jpg,191,226,check8
38.jpg,275,183,check8
39.jpg,259,194,check8
4.jpg,194,259,check8
40.jpg,110,136,check8
41.jpg,225,225,check8
42.jpg,232,194,check8
43.jpg,182,276,check8
44.jpg,224,299,check8
45.jpg,750,1000,check8
46.jpg,350,467,check8
47.jpg,751,1000,check8
48.jpg,350,467,check8
49.jpg,349,465,check8
5.jpg,190,265,check8
50.jpg,1740,970,check8
6.jpg,275,183,check8
7.jpg,259,194,check8
8.jpg,225,225,check8
9.jpg,225,225,check8
1.jpg,600,400,check9
10.jpg,348,217,check9
11.jpg,408,277,check9
12.jpg,414,337,check9
13.jpg,296,282,check9
14.jpg,665,471,check9
15.jpg,228,242,check9
16.jpg,220,218,check9
17.jpg,416,334,check9
18.jpg,212,257,check9
19.jpg,600,450,check9
2.jpg,716,794,check9
20.jpg,335,250,check9
21.jpg,400,300,check9
22.jpg,152,125,check9
23.jpg,590,776,check9
24.jpg,422,227,check9
25.jpg,260,293,check9
26.jpg,195,259,check9
27.jpg,358,298,check9
28.jpg,475,343,check9
29.jpg,640,640,check9
3.jpg,387,301,check9
30.jpg,260,280,check9
31.jpg,436,273,check9
32.jpg,170,250,check9
33.jpg,449,446,check9
34.jpg,723,675,check9
35.jpg,472,369,check9
36.jpg,644,631,check9
37.jpg,260,280,check9
38.jpg,485,352,check9
39.jpg,330,330,check9
4.jpg,550,380,check9
40.jpg,600,417,check9
41.jpg,260,280,check9
42.jpg,600,326,check9
43.jpg,500,500,check9
44.jpg,320,399,check9
45.jpg,750,1000,check9
46.jpg,1200,900,check9
47.jpg,450,310,check9
48.jpg,414,339,check9
49.jpg,300,225,check9
5.jpg,647,647,check9
50.jpg,456,600,check9
6.jpg,411,321,check9
7.jpg,301,237,check9
8.jpg,677,849,check9
9.jpg,293,284,check9
1.jpg,1600,1199,check10
10.jpg,1600,1199,check10
11.jpg,700,466,check10
12.jpg,1600,1199,check10
13.jpg,700,466,check10
14.jpg,1600,1199,check10
15.jpg,1600,1199,check10
16.jpg,700,466,check10
17.jpg,700,466,check10
18.jpg,1600,1199,check10
19.jpg,700,466,check10
2.jpg,1600,1199,check10
20.jpg,1600,1199,check10
21.jpg,700,466,check10
22.jpg,1600,1199,check10
23.jpg,1600,1199,check10
24.jpg,700,466,check10
25.jpg,1600,1199,check10
26.jpg,1600,1199,check10
27.jpg,700,466,check10
28.jpg,1600,1199,check10
29.jpg,700,466,check10
3.jpg,700,466,check10
30.jpg,1600,1199,check10
31.jpg,1600,1199,check10
32.jpg,1600,1199,check10
33.jpg,700,466,check10
34.jpg,1600,1199,check10
35.jpg,700,466,check10
36.jpg,700,466,check10
37.jpg,1600,1199,check10
38.jpg,1600,1199,check10
39.jpg,1600,1199,check10
4.jpg,700,466,check10
40.jpg,700,466,check10
41.jpg,700,466,check10
42.jpg,1600,1199,check10
43.jpg,1600,1199,check10
44.jpg,700,466,check10
45.jpg,1600,1199,check10
46.jpg,1600,1199,check10
47.jpg,1600,1199,check10
48.jpg,1600,1199,check10
49.jpg,700,466,check10
5.jpg,1600,1199,check10
50.jpg,700,466,check10
6.jpg,700,466,check10
7.jpg,1600,1199,check10
8.jpg,1600,1199,check10
9.jpg,1600,1199,check10
