Folder,Filename,Height,Width
geblek-renteng,1.jpg,778,583
geblek-renteng,10.jpg,500,700
geblek-renteng,11.jpg,736,736
geblek-renteng,12.jpg,521,499
geblek-renteng,13.jpg,1280,1280
geblek-renteng,14.jpg,1888,2000
geblek-renteng,15.jpg,500,750
geblek-renteng,16.jpg,784,1005
geblek-renteng,17.jpg,576,720
geblek-renteng,18.jpg,576,720
geblek-renteng,19.jpg,300,300
geblek-renteng,2.jpg,774,553
geblek-renteng,20.jpg,900,675
geblek-renteng,21.jpg,305,550
geblek-renteng,22.jpg,800,600
geblek-renteng,23.jpg,169,164
geblek-renteng,24.jpg,179,249
geblek-renteng,25.jpg,168,208
geblek-renteng,26.jpg,169,297
geblek-renteng,27.jpg,134,248
geblek-renteng,28.jpg,666,859
geblek-renteng,29.jpg,194,260
geblek-renteng,3.jpg,454,640
geblek-renteng,30.jpg,260,194
geblek-renteng,31.jpg,226,223
geblek-renteng,32.jpg,655,1280
geblek-renteng,33.jpg,1200,1200
geblek-renteng,34.jpg,294,622
geblek-renteng,35.jpg,375,538
geblek-renteng,36.jpg,425,532
geblek-renteng,37.jpg,368,747
geblek-renteng,38.jpg,774,583
geblek-renteng,39.jpg,772,635
geblek-renteng,4.jpg,430,631
geblek-renteng,40.jpg,774,577
geblek-renteng,41.jpg,775,585
geblek-renteng,42.jpg,1200,1200
geblek-renteng,43.jpg,433,500
geblek-renteng,44.jpg,1491,1371
geblek-renteng,45.jpg,518,840
geblek-renteng,46.jpg,1111,1500
geblek-renteng,47.jpg,257,347
geblek-renteng,48.jpg,257,495
geblek-renteng,49.jpeg,225,225
geblek-renteng,5.jpg,431,636
geblek-renteng,50.jpg,102,194
geblek-renteng,6.jpg,609,346
geblek-renteng,7.jpg,331,457
geblek-renteng,8.jpg,395,531
geblek-renteng,9.jpg,180,240
gentongan,1.jpg,501,807
gentongan,10.jpg,1920,1920
gentongan,11.jpg,183,275
gentongan,12.jpg,350,700
gentongan,13.jpg,556,830
gentongan,14.jpg,1024,768
gentongan,15.jpg,445,800
gentongan,16.jpg,1655,1155
gentongan,17.jpg,600,800
gentongan,18.jpg,194,259
gentongan,19.jpg,320,240
gentongan,2.jpg,354,620
gentongan,20.jpg,520,390
gentongan,21.jpg,640,640
gentongan,22.jpg,682,1024
gentongan,23.jpg,354,620
gentongan,24.jpg,225,300
gentongan,25.jpg,682,1024
gentongan,26.jpg,312,549
gentongan,27.jpg,520,390
gentongan,28.jpg,700,700
gentongan,29.jpg,423,564
gentongan,3.jpg,194,259
gentongan,30.jpg,1077,1599
gentongan,31.jpg,267,400
gentongan,32.jpg,900,900
gentongan,33.jpg,1200,1600
gentongan,34.jpg,576,1024
gentongan,35.jpg,2048,1536
gentongan,36.jpg,981,736
gentongan,37.jpg,354,620
gentongan,38.jpg,682,1024
gentongan,39.jpg,634,874
gentongan,4.jpg,480,640
gentongan,40.jpg,1024,683
gentongan,41.jpg,682,1024
gentongan,42.jpg,480,640
gentongan,43.jpg,600,800
gentongan,44.jpg,259,194
gentongan,45.jpg,768,1024
gentongan,46.jpg,398,600
gentongan,47.jpg,480,640
gentongan,48.jpg,225,300
gentongan,49.jpg,827,1483
gentongan,5.jpg,640,960
gentongan,50.jpg,183,275
gentongan,6.jpg,193,300
gentongan,7.jpg,300,225
gentongan,8.jpg,259,194
gentongan,9.jpg,533,800
liong,1.jpg,148,247
liong,10.jpg,239,211
liong,11.jpg,271,186
liong,12.jpg,190,151
liong,13.jpg,221,229
liong,14.jpg,155,150
liong,15.jpg,225,225
liong,16.jpg,303,166
liong,17.jpg,160,145
liong,18.jpg,177,176
liong,19.jpg,198,254
liong,2.jpg,148,148
liong,20.jpg,119,225
liong,21.jpg,151,146
liong,22.jpg,450,527
liong,23.jpg,1000,750
liong,24.jpg,1000,750
liong,25.jpg,450,527
liong,26.jpg,97,241
liong,27.jpg,225,225
liong,28.jpg,236,127
liong,29.jpg,1024,1024
liong,3.jpg,148,148
liong,30.jpg,1024,681
liong,31.jpg,1024,680
liong,32.jpg,1024,1024
liong,33.jpg,594,414
liong,34.jpg,464,406
liong,35.jpg,428,353
liong,36.jpg,403,322
liong,37.jpg,148,180
liong,38.jpg,148,148
liong,39.jpg,148,226
liong,4.jpg,148,148
liong,40.jpg,225,225
liong,41.jpg,275,183
liong,42.jpg,275,183
liong,43.jpg,201,251
liong,44.jpg,194,259
liong,45.jpg,194,259
liong,46.jpg,259,195
liong,47.jpg,225,225
liong,48.jpg,240,320
liong,49.jpg,225,225
liong,5.jpg,194,259
liong,50.jpg,211,239
liong,6.jpg,225,184
liong,7.jpg,169,178
liong,8.jpg,197,255
liong,9.jpg,194,259
mega-mendung,1.jpg,224,224
mega-mendung,10.jpg,224,224
mega-mendung,11.jpg,224,224
mega-mendung,12.jpg,224,224
mega-mendung,13.jpg,224,224
mega-mendung,14.jpg,224,224
mega-mendung,15.jpg,224,224
mega-mendung,16.jpg,224,224
mega-mendung,17.jpg,224,224
mega-mendung,18.jpg,224,224
mega-mendung,19.jpg,224,224
mega-mendung,2.jpg,224,224
mega-mendung,20.jpg,224,224
mega-mendung,21.jpg,224,224
mega-mendung,22.jpg,224,224
mega-mendung,23.jpg,224,224
mega-mendung,24.jpg,224,224
mega-mendung,25.jpg,224,224
mega-mendung,26.jpg,224,224
mega-mendung,27.jpg,224,224
mega-mendung,28.jpg,224,224
mega-mendung,29.jpg,224,224
mega-mendung,3.jpg,224,224
mega-mendung,30.jpg,224,224
mega-mendung,31.jpg,224,224
mega-mendung,32.jpg,224,224
mega-mendung,33.jpg,224,224
mega-mendung,34.jpg,224,224
mega-mendung,35.jpg,224,224
mega-mendung,36.jpg,224,224
mega-mendung,37.jpg,224,224
mega-mendung,38.jpg,224,224
mega-mendung,39.jpg,224,224
mega-mendung,4.jpg,224,224
mega-mendung,40.jpg,224,224
mega-mendung,41.jpg,224,224
mega-mendung,42.jpg,224,224
mega-mendung,43.jpg,224,224
mega-mendung,44.jpg,224,224
mega-mendung,45.jpg,224,224
mega-mendung,46.jpg,224,224
mega-mendung,47.jpg,224,224
mega-mendung,48.jpg,224,224
mega-mendung,49.jpg,224,224
mega-mendung,5.jpg,224,224
mega-mendung,50.jpg,224,224
mega-mendung,6.jpg,224,224
mega-mendung,7.jpg,224,224
mega-mendung,8.jpg,224,224
mega-mendung,9.jpg,224,224
parang,1.jpg,1024,1024
parang,10.jpg,334,403
parang,11.jpg,296,448
parang,12.jpg,300,200
parang,13.jpg,2000,3008
parang,14.jpg,960,1280
parang,15.jpg,981,736
parang,16.bmp,300,200
parang,17.jpg,413,550
parang,18.jpg,300,200
parang,19.jpg,853,824
parang,2.jpg,232,300
parang,20.jpg,200,300
parang,21.jpg,1200,1600
parang,22.jpg,293,431
parang,23.jpg,748,526
parang,24.jpg,1200,1600
parang,25.jpg,1200,1200
parang,26.jpg,225,300
parang,27.jpg,300,200
parang,28.jpg,768,1107
parang,29.jpg,990,736
parang,3.jpg,640,640
parang,30.jpg,300,200
parang,31.jpg,200,300
parang,32.jpg,377,277
parang,33.jpg,168,299
parang,34.jpg,300,200
parang,35.jpg,351,214
parang,36.jpg,300,200
parang,37.jpg,200,300
parang,38.jpg,200,300
parang,39.jpg,183,276
parang,4.jpg,708,1024
parang,40.jpg,225,224
parang,41.jpg,183,275
parang,42.jpg,225,225
parang,43.jpg,300,200
parang,44.jpg,200,300
parang,45.jpg,300,241
parang,46.jpg,200,300
parang,47.jpg,200,300
parang,48.jpg,300,200
parang,49.jpg,200,300
parang,5.jpg,220,310
parang,50.jpg,299,258
parang,6.jpg,1467,1200
parang,7.jpg,1002,864
parang,8.jpg,400,600
parang,9.jpg,400,300
sekar-jagad,1.jpg,224,224
sekar-jagad,10.jpg,224,224
sekar-jagad,11.jpg,224,224
sekar-jagad,12.jpg,224,224
sekar-jagad,13.jpg,224,224
sekar-jagad,14.jpg,224,224
sekar-jagad,15.jpg,224,224
sekar-jagad,16.jpg,224,224
sekar-jagad,17.jpg,224,224
sekar-jagad,18.jpg,224,224
sekar-jagad,19.jpg,224,224
sekar-jagad,2.jpg,224,224
sekar-jagad,20.jpg,224,224
sekar-jagad,21.jpg,224,224
sekar-jagad,22.jpg,224,224
sekar-jagad,23.jpg,141,197
sekar-jagad,24.jpg,224,224
sekar-jagad,25.jpg,224,224
sekar-jagad,26.jpg,224,224
sekar-jagad,27.jpg,224,224
sekar-jagad,28.jpg,224,224
sekar-jagad,29.jpg,224,224
sekar-jagad,3.jpg,224,224
sekar-jagad,30.jpg,224,224
sekar-jagad,31.jpg,224,224
sekar-jagad,32.jpg,224,224
sekar-jagad,33.jpg,224,224
sekar-jagad,34.jpg,158,195
sekar-jagad,35.jpg,224,224
sekar-jagad,36.jpg,224,224
sekar-jagad,37.jpg,224,224
sekar-jagad,38.jpg,224,224
sekar-jagad,39.jpg,224,224
sekar-jagad,4.jpg,224,224
sekar-jagad,40.jpg,224,224
sekar-jagad,41.jpg,224,224
sekar-jagad,42.jpg,224,224
sekar-jagad,43.jpg,164,184
sekar-jagad,44.jpg,224,224
sekar-jagad,45.jpg,224,224
sekar-jagad,46.jpg,224,224
sekar-jagad,47.jpg,224,224
sekar-jagad,48.jpg,224,224
sekar-jagad,49.jpg,224,224
sekar-jagad,5.jpg,224,224
sekar-jagad,50.jpg,224,224
sekar-jagad,6.jpg,224,224
sekar-jagad,7.jpg,224,224
sekar-jagad,8.jpg,708,836
sekar-jagad,9.jpg,224,224
sidomukti,1.jpg,161,312
sidomukti,10.jpg,225,225
sidomukti,11.jpg,221,228
sidomukti,12.jpg,204,247
sidomukti,13.jpg,181,279
sidomukti,14.jpg,168,300
sidomukti,15.jpg,196,199
sidomukti,16.jpg,170,296
sidomukti,17.jpg,259,194
sidomukti,18.jpg,163,232
sidomukti,19.jpg,179,282
sidomukti,2.jpg,225,225
sidomukti,20.jpg,212,238
sidomukti,21.jpg,200,252
sidomukti,22.jpg,183,275
sidomukti,23.jpg,225,225
sidomukti,24.jpg,194,259
sidomukti,25.jpg,200,251
sidomukti,26.jpg,259,194
sidomukti,27.jpg,225,225
sidomukti,28.jpg,225,174
sidomukti,29.jpg,174,289
sidomukti,3.jpg,183,276
sidomukti,30.jpg,205,201
sidomukti,31.jpg,225,225
sidomukti,32.jpg,225,225
sidomukti,33.jpg,225,225
sidomukti,34.jpg,225,225
sidomukti,35.jpg,225,225
sidomukti,36.jpg,225,225
sidomukti,37.jpg,225,225
sidomukti,38.jpg,225,225
sidomukti,39.jpg,225,225
sidomukti,4.jpg,211,239
sidomukti,40.jpg,225,225
sidomukti,41.jpg,259,194
sidomukti,42.jpg,275,183
sidomukti,43.jpg,225,225
sidomukti,44.jpg,225,225
sidomukti,45.jpg,193,194
sidomukti,46.jpg,184,169
sidomukti,47.jpg,120,150
sidomukti,48.jpg,123,157
sidomukti,49.jpg,122,147
sidomukti,5.jpg,258,195
sidomukti,50.jpg,159,159
sidomukti,6.jpg,225,225
sidomukti,7.jpg,259,194
sidomukti,8.jpg,259,194
sidomukti,9.jpg,168,299
tambal,1.jpg,450,514
tambal,10.jpg,194,259
tambal,11.jpg,174,290
tambal,12.jpg,183,275
tambal,13.jpg,170,296
tambal,14.jpg,168,299
tambal,15.jpg,225,225
tambal,16.jpg,259,194
tambal,17.jpg,225,225
tambal,18.jpg,259,194
tambal,19.jpg,168,299
tambal,2.jpg,189,266
tambal,20.jpg,198,254
tambal,21.jpg,183,275
tambal,22.jpg,211,239
tambal,23.jpg,259,194
tambal,24.jpg,183,275
tambal,25.jpg,127,246
tambal,26.jpg,224,224
tambal,27.jpg,168,300
tambal,28.jpg,190,214
tambal,29.jpg,225,225
tambal,3.jpg,194,259
tambal,30.jpg,467,350
tambal,31.jpg,168,299
tambal,32.jpg,259,194
tambal,33.jpg,259,194
tambal,34.jpg,270,187
tambal,35.jpg,259,194
tambal,36.jpg,259,194
tambal,37.jpg,226,191
tambal,38.jpg,183,275
tambal,39.jpg,194,259
tambal,4.jpg,259,194
tambal,40.jpg,136,110
tambal,41.jpg,225,225
tambal,42.jpg,194,232
tambal,43.jpg,276,182
tambal,44.jpg,299,224
tambal,45.jpg,1000,750
tambal,46.jpg,467,350
tambal,47.jpg,1000,751
tambal,48.jpg,467,350
tambal,49.jpg,465,349
tambal,5.jpg,265,190
tambal,50.jpg,970,1740
tambal,6.jpg,183,275
tambal,7.jpg,194,259
tambal,8.jpg,225,225
tambal,9.jpg,225,225
truntum,1.jpg,400,600
truntum,10.jpg,217,348
truntum,11.jpg,277,408
truntum,12.jpg,337,414
truntum,13.jpg,282,296
truntum,14.jpg,471,665
truntum,15.jpg,242,228
truntum,16.jpg,218,220
truntum,17.jpg,334,416
truntum,18.jpg,257,212
truntum,19.jpg,450,600
truntum,2.jpg,794,716
truntum,20.jpg,250,335
truntum,21.jpg,300,400
truntum,22.jpg,125,152
truntum,23.jpg,776,590
truntum,24.jpg,227,422
truntum,25.jpg,293,260
truntum,26.jpg,259,195
truntum,27.jpg,298,358
truntum,28.jpg,343,475
truntum,29.jpg,640,640
truntum,3.jpg,301,387
truntum,30.jpg,280,260
truntum,31.jpg,273,436
truntum,32.jpg,250,170
truntum,33.jpg,446,449
truntum,34.jpg,675,723
truntum,35.jpg,369,472
truntum,36.jpg,631,644
truntum,37.jpg,280,260
truntum,38.jpg,352,485
truntum,39.jpg,330,330
truntum,4.jpg,380,550
truntum,40.jpg,417,600
truntum,41.jpg,280,260
truntum,42.jpg,326,600
truntum,43.jpg,500,500
truntum,44.jpg,399,320
truntum,45.jpg,1000,750
truntum,46.jpg,900,1200
truntum,47.jpg,310,450
truntum,48.jpg,339,414
truntum,49.jpg,225,300
truntum,5.jpg,647,647
truntum,50.jpg,600,456
truntum,6.jpg,321,411
truntum,7.jpg,237,301
truntum,8.jpg,849,677
truntum,9.jpg,284,293
tujuh-rupa,1.jpg,1199,1600
tujuh-rupa,10.jpg,1199,1600
tujuh-rupa,11.jpg,466,700
tujuh-rupa,12.jpg,1199,1600
tujuh-rupa,13.jpg,466,700
tujuh-rupa,14.jpg,1199,1600
tujuh-rupa,15.jpg,1199,1600
tujuh-rupa,16.jpg,466,700
tujuh-rupa,17.jpg,466,700
tujuh-rupa,18.jpg,1199,1600
tujuh-rupa,19.jpg,466,700
tujuh-rupa,2.jpg,1199,1600
tujuh-rupa,20.jpg,1199,1600
tujuh-rupa,21.jpg,466,700
tujuh-rupa,22.jpg,1199,1600
tujuh-rupa,23.jpg,1199,1600
tujuh-rupa,24.jpg,466,700
tujuh-rupa,25.jpg,1199,1600
tujuh-rupa,26.jpg,1199,1600
tujuh-rupa,27.jpg,466,700
tujuh-rupa,28.jpg,1199,1600
tujuh-rupa,29.jpg,466,700
tujuh-rupa,3.jpg,466,700
tujuh-rupa,30.jpg,1199,1600
tujuh-rupa,31.jpg,1199,1600
tujuh-rupa,32.jpg,1199,1600
tujuh-rupa,33.jpg,466,700
tujuh-rupa,34.jpg,1199,1600
tujuh-rupa,35.jpg,466,700
tujuh-rupa,36.jpg,466,700
tujuh-rupa,37.jpg,1199,1600
tujuh-rupa,38.jpg,1199,1600
tujuh-rupa,39.jpg,1199,1600
tujuh-rupa,4.jpg,466,700
tujuh-rupa,40.jpg,466,700
tujuh-rupa,41.jpg,466,700
tujuh-rupa,42.jpg,1199,1600
tujuh-rupa,43.jpg,1199,1600
tujuh-rupa,44.jpg,466,700
tujuh-rupa,45.jpg,1199,1600
tujuh-rupa,46.jpg,1199,1600
tujuh-rupa,47.jpg,1199,1600
tujuh-rupa,48.jpg,1199,1600
tujuh-rupa,49.jpg,466,700
tujuh-rupa,5.jpg,1199,1600
tujuh-rupa,50.jpg,466,700
tujuh-rupa,6.jpg,466,700
tujuh-rupa,7.jpg,1199,1600
tujuh-rupa,8.jpg,1199,1600
tujuh-rupa,9.jpg,1199,1600
